Database_ID,Title,Authors,Year,Journal,Country_Source,DOI,URL,Keywords,Volume,Issue,Database
112786,Pozzolanic characteristics of municipal solid waste ash,IF Sanewu; JW Kaluli; NK Maritim; K Shepherd,2015,"Journal of Agriculture, Science and Technology",Kenya,,https://www.ajol.info/index.php/jagst/article/view/112786,bonding effect; municipal solid waste ash (MSWA); pozzolana,15.0,1,AJOL
114259,Evaluation of Sustainable Concrete Production and Construction Cost Implication in Nigeria,PO Awoyera; OM Olofinnade,2015,AFRREV STECH: An International Journal of Science and Technology,Ethiopia,10.4314/stech.v4i1.10,https://www.ajol.info/index.php/stech/article/view/114259,affordable housing; bamboo fibre; concrete; steel fibre; sustainability,4.0,1,AJOL
122329,Influence of Molding Water Content on Shear Strength Characteristic of Compacted Cement Kiln Dust Treated Lateritic Soils for Liners and Covers,KJ Osinubi; G Moses; FOP Oriola; AS Liman,2015,Nigerian Journal of Technology,Nigeria,10.4314/njt.v34i2.8,https://www.ajol.info/index.php/njt/article/view/122329,Cement kiln dust; Compaction; Molding water content; Unconfined compressive strength,34.0,2,AJOL
116188,Sustainability impacts of building products: An assessment methodology for developing countries,J Gibberd,2015,Acta Structilia,South Africa,,https://www.ajol.info/index.php/actas/article/view/116188,sustainability; building materials; methodology; sustainable building material index (SBMI),21.0,2,AJOL
116408,"Geotechnical, mechanical and geological characterization of lateritic gravels of Boumpial (Cameroon) used in road construction",V L Onana; A Nzabakurikiza; E E Ndome; B Likiby; V K Kamgang; G E Ekodeck,2015,Journal of the Cameroon Academy of Sciences,Cameroon,,https://www.ajol.info/index.php/jcas/article/view/116408,Lateritic gravels; Geotechnical and mechanical tests; Mineralogical and chemical analyses; Road construction; Cameroon,12.0,1,AJOL
116970,Stabilization of Ikpayongo laterite with cement and calcium carbide waste,M Joel; EJ Edeh,2015,Global Journal of Pure and Applied Sciences,Nigeria,10.4314/gjpas.v20i1.8,https://www.ajol.info/index.php/gjpas/article/view/116970,Cement; Calcium carbide waste; Stabilization; Ikpayongo laterite; Pavement material,20.0,1,AJOL
116973,Effects of rice husk ash and termite hill types on the physical and mechanical properties of burnt termite clay bricks for rural housing,TU Nwakonobi; CP Anyanwu; LR Tyav,2015,Global Journal of Pure and Applied Sciences,Nigeria,10.4314/gjpas.v20i1.9,https://www.ajol.info/index.php/gjpas/article/view/116973,Clay bricks; termite hill; rice husk ash; stabilization; strength; building construction,20.0,1,AJOL
117684,"Evaluation of some engineering properties of lateritic soils around Dall quarry, Sango area, Ilorin, Nigeria",OA Omotoso; OJ Ojo; ET Adetolaju,2015,Nigerian Journal of Technological Development,Nigeria,,https://www.ajol.info/index.php/njtd/article/view/117684,Engineering properties; Grain size; Liquid limit; Plastic limit; CBR,9.0,1,AJOL
119546,"Effect of nodal positions, seasonal variations, shoot clump and growth regulators on micropropagation of commercially important bamboo, Bambusa nutans Wall. ex. Munro",KD Mudoi; SP Saikia; M Borthakur,2015,African Journal of Biotechnology,Kenya,10.5897/AJB2014.13659,https://www.ajol.info/index.php/ajb/article/view/119546,,13.0,19,AJOL
120131,Influence of Addition of Rice Husk Ash on Porcelain Composition,UJ Hassan; MN Maharaz,2015,Science World Journal,Nigeria,,https://www.ajol.info/index.php/swj/article/view/120131,RHA; Porcelain; Compressive Strength; Bulk Density; Porosity,10.0,1,AJOL
120136,Characterization of a Treated Palm Oil Fuel Ash,UJ Hassan; SG Abdu,2015,Science World Journal,Nigeria,,https://www.ajol.info/index.php/swj/article/view/120136,POFA; Morphology; SEM; XRD; XRF,10.0,1,AJOL
120081,Influence of Mould Pressure and Substitution of Quartz by Palm Oil Fuel Ash on the Hardness of Porcelain Body,UJ Hassan; MN Maharaz,2015,Science World Journal,Nigeria,,https://www.ajol.info/index.php/swj/article/view/120081,Bulk Density; POFA; Porcelain; Porosity; Volume Shrinkage; Quartz,9.0,4,AJOL
124029,Rice Husk as Filler in the Production of Bricks Using Gboko Clay,JO Akinyele; OT Olateju; OK Oikelome,2015,Nigerian Journal of Technology,Nigeria,10.4314/njt.v34i4.2,https://www.ajol.info/index.php/njt/article/view/124029,Rice Husk; Gboko clay; Filler; Pozzolans; Compressive strength,34.0,4,AJOL
124030,Effect of Partial Replacement of Sand With Quarry Dust on the Structural Characteristics of Sandcrete Blocks,CU Anya; NN Osadebe,2015,Nigerian Journal of Technology,Nigeria,10.4314/njt.v34i4.3,https://www.ajol.info/index.php/njt/article/view/124030,Sand-quarry dust block; sandcrete block; compressive strength; flexural strength; split tensile strength; water absorption; environmental hazard,34.0,4,AJOL
124032,Partial Replacement of Cement with Bagasse Ash in Hot Mix Asphalt,AA Murana; L Sani,2015,Nigerian Journal of Technology,Nigeria,10.4314/njt.v34i4.5,https://www.ajol.info/index.php/njt/article/view/124032,Hot Mix Asphalt; Marshall Test; Bitumen; Bagasse Ash; Strength properties,34.0,4,AJOL
127518,Suitability of commercially available sandcrete blocks in Abuja municipal area for use as street side drain walling materials,Manasseh Joel; Adie Gabriel Utyankpan,2015,Global Journal of Engineering Research,Nigeria,10.4314/gjer.v14i1.4,https://www.ajol.info/index.php/gjer/article/view/127518,Sandcrete blocks; Side drain; Compressive Strength; Water absorption,14.0,1,AJOL
127524,Effect of compactive effort on strength indices of laterite treated with calcium carbide waste,M Joel; LJ Joseph,2015,Global Journal of Engineering Research,Nigeria,10.4314/gjer.v14i1.6,https://www.ajol.info/index.php/gjer/article/view/127524,compactive effort; strength indices; calcium carbide waste,14.0,1,AJOL
127576,Medical effects of poly-ethylene terephthalate (PET) non-woven fabrics treated with bamboo activated charcoal,Ming-Shien Yen; Chien-Wen Chen; Chu-Nan Hsiao; Mu-Cheng Kuo,2015,African Journal of Biotechnology,Kenya,10.5897/AJB11.1372,https://www.ajol.info/index.php/ajb/article/view/127576,Poly-ethylene terephthalate (PET); non-woven fabrics; bamboo activated charcoal; far infrared ray; negative ions; deodorization,11.0,50,AJOL
132418,THE POTENTIAL USE OF FONIO HUSK ASH AS A POZZOLANA IN CONCRETE,EE Ndububa; JS Okonkwo; OI Ndububa,2015,Nigerian Journal of Technology,Nigeria,10.4314/njt.v35i1.5,https://www.ajol.info/index.php/njt/article/view/132418,Fonio; Husk Ash; Compressive Strength; Cement; Concrete; Pozzolana,35.0,1,AJOL
132419,EFFECTS OF POLYTHENE FIBRES ON SELECTED PROPERTIES OF SANDCRETE BLOCKS,FB Ijalana; JO Afoloayan; OE Adeleke,2015,Nigerian Journal of Technology,Nigeria,10.4314/njt.v35i1.6,https://www.ajol.info/index.php/njt/article/view/132419,Compressive Strength; Polythene Fibre; Sandcrete Blocks; Tensile Strength,35.0,1,AJOL
127904,Effect of Cement Grades on some properties of Sandcrete,RI Umasabor; OE Alutu,2016,Journal of the Nigerian Association of Mathematical Physics,Nigeria,,https://www.ajol.info/index.php/jonamp/article/view/127904,,30.0,,AJOL
128055,"Isolation, Identification and Determination of Six Nucleosides and Two Amino Acids from Bamboo Shoots of Gramineae Phyllostachys prominens (W Y Xiong)",Xiao-bo Xu; Yong-de Yue; Feng Tang; Xue-feng Guo; Jin Wang; Xi Yao; Jia Sun; Hang Xun,2016,Tropical Journal of Pharmaceutical Research,Nigeria,10.4314/tjpr.v14i12.13,https://www.ajol.info/index.php/tjpr/article/view/128055,Bamboo shoots; Phyllostachys prominens; Guanosine; 2’ Deoxyguanosine; Adenosine; Thymidine; Uridine; Cytidine; Tryptophan; Phenylalanine,14.0,12,AJOL
129486,New and improved method of bamboo cultivation in semi arid areas of Indian Thar desert,G. K. Aseri; B. K. P. Sinha; Deepak Agarwal; Alok Sharma; Neelam Jain; Vikash Babu,2016,African Journal of Biotechnology,Kenya,,https://www.ajol.info/index.php/ajb/article/view/129486,Dendrocalamus; soil enzymes; fertilization; guggul; nitrogen,11.0,84,AJOL
130605,Micropropagation of important bamboos: A review,Kalpataru Dutta Mudoi; Siddhartha Proteem Saikia; Adrita Goswami; Animesh Gogoi; Debashish Bora; Mina Borthakur,2016,African Journal of Biotechnology,Kenya,,https://www.ajol.info/index.php/ajb/article/view/130605,,12.0,20,AJOL
131705,Effect of selected factors on the current flow and voltage loss at electrodes during electrochemical treatment of a laterite,A. L. Ayodele; I. A. Oke; O. A. Agbede,2016,Ife Journal of Science,Nigeria,,https://www.ajol.info/index.php/ijs/article/view/131705,Electrochemical Treatment; Soil Improvement; Anolyte; Catholyte; Voltage Drop,16.0,3,AJOL
140601,THEORETICAL INVESTIGATION OF STRESSES DISTRIBUTIONS IN HOLLOW SANDCRETE BLOCKS DUE TO VARIATION OF CAVITY SIZES AND NUMBER WEB THICKNESS,JC Agunwamba; JC Ezeokonkwo; ME Onyia; E Ojiogu; A Amadou,2016,Nigerian Journal of Technology,Nigeria,10.4314/njt.v35i2.4,https://www.ajol.info/index.php/njt/article/view/140601,hollow sandcrete blocks; cavity size; cavity number; series arrangements; parallel arrangements; stresses,35.0,2,AJOL
140603,ESTIMATION OF SHEAR STRENGTH PARAMETERS OF LATERITIC SOILS USING ARTIFICIAL NEURAL NETWORK,SD Iyeke; EO Eze; JO Ehiorobo; SO Osuji,2016,Nigerian Journal of Technology,Nigeria,10.4314/njt.v35i2.5,https://www.ajol.info/index.php/njt/article/view/140603,Artificial Neural Network; Lateritic Soil; Angle of Friction; Cohesion,35.0,2,AJOL
133574,"Random amplified polymorphic DNA based genetic characterization of four important species of Bamboo, found in Raigad district, Maharashtra State, India",Vijay N Waghmare; Uttamkumar S Bagde,2016,African Journal of Biotechnology,Kenya,10.5897/AJB2013.12033,https://www.ajol.info/index.php/ajb/article/view/133574,,12.0,28,AJOL
134973,Fluoride adsorption onto an acid treated lateritic mineral from Kenya: Equilibrium studies,Enos W Wambu; Charles O Onindo; Willis J Ambusso; Gerald K Muthakia,2016,African Journal of Environmental Science and Technology,Nigeria,10.5897/AJEST11.259,https://www.ajol.info/index.php/ajest/article/view/134973,,6.0,3,AJOL
135268,Durability of natural pozzolan-based mortar exposed to sulfate attack,L Laoufi; Y Senhadji; A Benazzouk; T Langlet; M Mouli; I Laoufi,2016,Journal of Fundamental and Applied Sciences,Algeria,10.4314/jfas.v8i2.7,https://www.ajol.info/index.php/jfas/article/view/135268,natural pozzolan; chemical attack; durability; sodium sulfate; pH; mass loss,8.0,2,AJOL
140639,RICE-HUSK ASH-CARBIDE-WASTE STABILIZATION OF RECLAIMED ASPHALT PAVEMENT,JE Edeh; I Samson; A Terhemba,2016,Nigerian Journal of Technology,Nigeria,10.4314/njt.v35i3.1,https://www.ajol.info/index.php/njt/article/view/140639,Carbide waste; Flexible pavement material; Reclaimed asphalt pavement; Rice husk ash and Stabilization,35.0,3,AJOL
140641,CLASSICAL OPTIMIZATION OF BAGASSE ASH CONTENT IN CEMENT-STABILIZED LATERITIC SOIL,UN Okonkwo; JC Agunwamba,2016,Nigerian Journal of Technology,Nigeria,10.4314/njt.v35i3.3,https://www.ajol.info/index.php/njt/article/view/140641,Optimization; Cement; Bagasse Ash; Lateritic Soil; Compaction and Strength Characteristics,35.0,3,AJOL
140595,Micropropagation of Guadua angustifolia Kunth (Poaceae) using a temporary immersion system RITA®,Luís Gonzaga Gutiérrez; Rodolfo López-Franco; Tito Morales-Pinzón,2016,African Journal of Biotechnology,Kenya,10.5897/AJB2016.15390,https://www.ajol.info/index.php/ajb/article/view/140595,Giant bamboo; temporary immersion system RITA; rhizome,15.0,28,AJOL
142172,Stabilization of expansive soil using bagasse ash & lime,Meron Wubshet; Samuel Tadesse,2016,Zede Journal,Ethiopia,,https://www.ajol.info/index.php/zj/article/view/142172,Expansive soil; bagasse ash; lime; plasticity; compaction and strength characteristics,32.0,,AJOL
142821,"Propagation Techniques for Highland Bamboo (Arundinaria alpina) in the Choke Mountain, Northwestern Ethiopia",Yigardu Mulatu; Masresha Fetene,2016,Ethiopian Journal of Agricultural Sciences,Ethiopia,,https://www.ajol.info/index.php/ejas/article/view/142821,cuttings; landraces; offset; rhizome-based propagation; Yushania alpina,24.0,2,AJOL
144474,Effectiveness of locust bean pod solution (LBPS) in the production of sandcrete blocks for buildings,J.I. Aguwa; B Alhaji; A Jiya; D.H. Kareem,2016,Nigerian Journal of Technological Development,Nigeria,10.4314/njtd.v13i1.3,https://www.ajol.info/index.php/njtd/article/view/144474,Cement; compressive strength; locust bean; sandcrete blocks; building,13.0,1,AJOL
144476,Production of biodiesel from Parinari polyandra B. seed oil using bio-based catalysts,O Amos; D.S. Ogunniyi; T.E. Odetoye,2016,Nigerian Journal of Technological Development,Nigeria,10.4314/njtd.v13i1.5,https://www.ajol.info/index.php/njtd/article/view/144476,Biodiesel; parinari oil; cocoa pod ash; rice husk ash; transesterification,13.0,1,AJOL
145100,Effects of variability in the pozzolanic properties of Rice husk ash (RHA) on the compressive strength of concrete,GA Akeke; DE Ewa; FO Okafor,2016,Nigerian Journal of Technology,Nigeria,10.4314/njt.v35i4.1,https://www.ajol.info/index.php/njt/article/view/145100,Compressive Strength; Concrete; Rice Husk Ash (RHA); Variability,35.0,4,AJOL
145101,Study of the strength characteristics of protein-based lightweight foamed concrete with cement partially replaced with Rice husk ash,EB Coker; S Sadiku; JI Aguwa; M Abdullahi,2016,Nigerian Journal of Technology,Nigeria,10.4314/njt.v35i4.2,https://www.ajol.info/index.php/njt/article/view/145101,Compressive Strength; Lightweight Foamed Concrete; Ordinary Portland Cement; Protein-based Foaming Agent; Rice Husk Ash,35.0,4,AJOL
145105,Compressibility characteristics of black cotton soil admixed with sawdust ash and lime,CC Ikeagwuani,2016,Nigerian Journal of Technology,Nigeria,10.4314/njt.v35i4.5,https://www.ajol.info/index.php/njt/article/view/145105,Black cotton soil; compaction; consolidation; lime; sawdust ash; stabilization,35.0,4,AJOL
145111,Geometric models for lateritic soil stabilized with cement and bagasse ash,UN Okonkwo; JC Agunwamba; UI Iro,2016,Nigerian Journal of Technology,Nigeria,10.4314/njt.v35i4.11,https://www.ajol.info/index.php/njt/article/view/145111,Bagasse-Ash; Cement; Lateritic Soil; Compaction and Strength Characteristics; Geometric Models,35.0,4,AJOL
147080,Improvement of strength characteristics of lateritic sub-grade soil with shredded polyethylene waste,O.O. Ojuri,2016,Journal of Applied Sciences and Environmental Management,Nigeria,10.4314/jasem.v20i3.21,https://www.ajol.info/index.php/jasem/article/view/147080,Lateritic soil; High density polyethylene (HDPE) waste; Pavement thickness; Sub-grade soil,20.0,3,AJOL
147981,"Mineralogical, geochemical and geomechanical characterization of lateritic and alluvial clayey mixture products from Monatele - Ebebda, as building materials",Vincent Laurent Onana; Roger Firmin Donald Ntouala; Estelle Ndome Effoudou; Christelle Yollande Nguembou; Arnold Nguessi; Veronique Kamgang Kabayene,2016,Journal of the Cameroon Academy of Sciences,Cameroon,,https://www.ajol.info/index.php/jcas/article/view/147981,Monatele-Ebebda (Centre Cameroon); lateritic and alluvial clays; mineralogy; géochemistry; geomechanical characterization,13.0,1-2,AJOL
148182,Effects of some factors on electro-osmotic dewatering of Laterite,A. L. Ayodele; O. Anifalaje; O. M. Bakare,2016,Ife Journal of Science,Nigeria,,https://www.ajol.info/index.php/ijs/article/view/148182,Electro-osmosis; Soil Dewatering; Tropical Laterite,18.0,1,AJOL
150880,Crystal and microstructure analysis of Pozzolanic properties of bamboo leaf ash and locust beans pod ash blended cement concrete,Catherine Mayowa Ikumapayi,2017,Journal of Applied Sciences and Environmental Management,Nigeria,10.4314/jasem.v20i4.6,https://www.ajol.info/index.php/jasem/article/view/150880,,20.0,4,AJOL
152721,Construction and Demolition Waste Characteristics in Tanzania,SMM Sabai; JJ Lichtenberg; ELC Egmond; M. V. M Florea; HJH Brouwers,2017,Huria: Journal of the Open University of Tanzania,Tanzania,,https://www.ajol.info/index.php/huria/article/view/152721,,23.0,1,AJOL
153321,"Mineralogical and geochemical trends in lateritic weathering profiles on basement rocks in Awa-Oru Ijebu and its environ, southwestern Nigeria",A.J. Adeola; R.G. Dada,2017,Global Journal of Geological Sciences,Nigeria,10.4314/gjgs.v15i1.1,https://www.ajol.info/index.php/gjgs/article/view/153321,Basement rocks; weathering; lateritization; kaolinite; Hematite,15.0,,AJOL
155036,Structural behaviour of metakaolin infused concrete structure,J. O. Akinyele; S. O. Odunfa; A. A. Famoye; S. I. Kuye,2017,Nigerian Journal of Technology,Nigeria,10.4314/njt.v36i2.2,https://www.ajol.info/index.php/njt/article/view/155036,Metakaolin; Calcination; Pozzolan; Chemical test; Mechanical test,36.0,2,AJOL
155044,"Compaction and consolidation characteristics of lateritic soil of a selected site in Ikole Ekiti, southwest Nigeria",A. Bolarinwa; J. B. Adeyeri; T. C. Okeke,2017,Nigerian Journal of Technology,Nigeria,10.4314/njt.v36i2.3,https://www.ajol.info/index.php/njt/article/view/155044,Compaction; Consolidation; CBR; Southwest Nigeria,36.0,2,AJOL
155062,Models for predicting compressive strength and water absorption of laterite-quarry dust cement block using mixture experiment,F. O. Okafor; E. A. Egbe,2017,Nigerian Journal of Technology,Nigeria,10.4314/njt.v36i2.7,https://www.ajol.info/index.php/njt/article/view/155062,compressive strength; laterite; mixture experiment; quarry dust; water absorption,36.0,2,AJOL
155075,Utilisation of rice husk ash for improvement of deficient soils in Nigeria: a review,M. Alhassan; M. M. Alhaji,2017,Nigerian Journal of Technology,Nigeria,10.4314/njt.v36i2.10,https://www.ajol.info/index.php/njt/article/view/155075,Black cotton soil; Deficient soil; Laterite; Rice husk ash; Soil improvement,36.0,2,AJOL
155924,"Engineering geological assessment of some lateritic soils in Ibadan, south-western Nigeria using bivariate and regression analyses",J.O. Owoseni; G.O. Adeyemi; Y.A. Asiwaju-Bello; A.Y.B. Anifowose,2017,African Journal of Science and Technology,Kenya,,https://www.ajol.info/index.php/ajst/article/view/155924,Regression analysis; engineering properties; lateritic soils; pedogenic factors,12.0,1,AJOL
156639,Investigation and assessment of bamboo as a construction material (Part 1),A.J. Gana; J Theophilus,2017,West African Journal of Industrial and Academic Research,Nigeria,,https://www.ajol.info/index.php/wajiar/article/view/156639,investigation; assessment; bamboo as a construction material,17.0,1,AJOL
156971,Efficacy of rice husk ash against rice weevil and lesser grain borer on stored wheat,G.O. Otitodun; G.P. Opit; S.I. Nwaubani; E.U. Okonkwo,2017,African Crop Science Journal,Uganda,10.4314/acsj.v25i2.2,https://www.ajol.info/index.php/acsj/article/view/156971,Oryza sativa; protectant; Rhyzopertha dominica; silica; Sitophilus oryzae,25.0,2,AJOL
159304,PRODUCTION OF PARTICLE BOARDS USING POLYSTYRENE AND BAMBOO WASTES,SA Abdulkareem; AG Adeniyi,2017,Nigerian Journal of Technology,Nigeria,10.4314/njt.v36i3.18,https://www.ajol.info/index.php/njt/article/view/159304,bamboo waste Particleboard; polystyrene based resin polystyrene waste,36.0,3,AJOL
159305,EFFECT OF ALUMINUM DROSS AND RICE HUSK ASH ON THERMAL AND MOULDING PROPERTIES OF SILICA SAND,EF Ochulor; HOH Amuda; SO Adeosun; SA Balogun,2017,Nigerian Journal of Technology,Nigeria,10.4314/njt.v36i3.19,https://www.ajol.info/index.php/njt/article/view/159305,Aluminum dross (AlDr); rice husk ash (RHA); silica sand; moulding properties; thermal properties; sand mix,36.0,3,AJOL
158945,Utilization of vast Nigeria’s bamboo resources for economic growth: a review,H.L. Ladapo; O.O. Oyegoke; R.O. Bello,2017,"Journal of Research in Forestry, Wildlife and Environment",Nigeria,,https://www.ajol.info/index.php/jrfwe/article/view/158945,Bamboo; resources; industries; economic development,9.0,2,AJOL
160246,Durability studies on the high calcium flyash based GPC,R Manickavasagam; G Mohankumar,2017,"International Journal of Engineering, Science and Technology",Nigeria,10.4314/ijest.v9i4.1,https://www.ajol.info/index.php/ijest/article/view/160246,Geopolymer concrete; high calcium flyash; durability; corrosion resistance; polarisation test,9.0,4,AJOL
161475,Investigation and assessment of bamboo as a construction material (Part 1),A.J. Gana; J Theophilus,2017,West African Journal of Industrial and Academic Research,Nigeria,,https://www.ajol.info/index.php/wajiar/article/view/161475,investigation; assessment; bamboo as a construction material,18.0,1,AJOL
162886,Evaluation of sawdust ash as a partial replacement for mineral filler in asphaltic concrete,D. O. Osuya; H. Mohammed,2017,Ife Journal of Science,Nigeria,10.4314/ijs.v19i2.23,https://www.ajol.info/index.php/ijs/article/view/162886,Sawdust Ash; Asphaltic Concrete; Asphaltic Concrete Properties,19.0,2,AJOL
163029,Effects of Periwinkle Shell Ash on Lime-Stabilized Lateritic Soil,Emeka Segun Nnochiri,2017,Journal of Applied Sciences and Environmental Management,Nigeria,10.4314/jasem.v21i6.4,https://www.ajol.info/index.php/jasem/article/view/163029,atterberg limits; lateritic soil; lime stabilization; periwinkle shell ash; soil stabilization,21.0,6,AJOL
164953,Investigation of shear strength parameters and effect of different compactive effort on lateritic soil stabilized with coconut husk ash and lime,C.C. Ikeagwuani; D.C. Nwonu; C Eze; I Onuoha,2018,Nigerian Journal of Technology,Nigeria,10.4314/njt.v36i4.4,https://www.ajol.info/index.php/njt/article/view/164953,Coconut husk ash; Compaction; Lateritic soil; Lime; Shear strength; Stabilization,36.0,4,AJOL
165012,"Quality assessment of sandcrete blocks produced in Adeta, Kwara State, Nigeria",S. O. Odeyemi; M. A. Akinpelu; O. D. Atoyebi; K. J. Orire,2018,Nigerian Journal of Technology,Nigeria,10.4314/njt.v37i1.7,https://www.ajol.info/index.php/njt/article/view/165012,Adeta; Compressive strength; Kwara State; Sandcrete blocks; Water Absorption,37.0,1,AJOL
165029,"Microstructural characterisation, physical and chemical properties of rice husk ash as viable Pozzolan in building material: a case study of some Nigerian grown rice varieties",Y. O. Abiodun; A. A. Jimoh,2018,Nigerian Journal of Technology,Nigeria,10.4314/njt.v37i1.10,https://www.ajol.info/index.php/njt/article/view/165029,Rice husk ash; Scanning electron microscopy; Energy dispersive x - ray spectroscopy,37.0,1,AJOL
166888,Geotechnical properties of clayey soil stabilized with cement-sawdust ash for highway construction,H.I. Owamah; E Atikpo; O Oluwatuyi; A.M. Oluwatomisin,2018,Journal of Applied Sciences and Environmental Management,Nigeria,10.4314/jasem.v21i7.29,https://www.ajol.info/index.php/jasem/article/view/166888,Cement; Saw dust; strength test subgrade material; highway construction,21.0,7,AJOL
171693,Properties of rice husk ash concrete with periwinkle shell as coarse aggregates,A Aboshio; H.G. Shuaibu; M.T. Abdulwahab,2018,Nigerian Journal of Technological Development,Nigeria,10.4314/njtd.v15i2.1,https://www.ajol.info/index.php/njtd/article/view/171693,rice husk; ash; periwinkle shell; compressive strength; split tensile strength,15.0,2,AJOL
171694,"Geoelectrical assessment of groundwater potential at Ewuloja and its environs in Simawa Area, southwestern Nigeria",L Adeoti; R.B. Adegbola; A Iya; T Oyeniran; M.A. Ayuk,2018,Nigerian Journal of Technological Development,Nigeria,10.4314/njtd.v15i2.2,https://www.ajol.info/index.php/njtd/article/view/171694,Vertical electrical sounding; aquifer; consolidated sandstone; earth resistivity; lateritic clay,15.0,2,AJOL
173965,The Effect of Clay Pozzolana-Cement-Composite on the Strength Development of a Hydraulic Backfill,S. N. Eshun; Solomon Senyo Robert Gidigasu; S. K. Y. Gawu,2018,Ghana Mining Journal,Ghana,10.4314/gm.v18i1.4,https://www.ajol.info/index.php/gm/article/view/173965,Hydraulic Backfill; Portland Cement; Clay Pozzolana; Unconfined Compressive Strength,18.0,1,AJOL
174976,Compressive strength and workability of laterized quarry sand concrete,E.E. Ambrose; D. U. Ekpo; I. M. Umoren; U. S. Ekwere,2018,Nigerian Journal of Technology,Nigeria,10.4314/njt.v37i3.7,https://www.ajol.info/index.php/njt/article/view/174976,Compressive Strength; Concrete; Lateritic Sand; Quarry Sand; Workability; Compressive Strength; Concrete; Lateritic Sand; Quarry Sand; Workability,37.0,3,AJOL
175429,"Black pierdra in a child with pili torti, bamboo hair and congenital ichthysiform erythroderma",J. Marshall; H.D. Brede,2018,South African Medical Journal,South Africa,,https://www.ajol.info/index.php/samj/article/view/175429,,35.0,3,AJOL
175910,"Thermal perception of residents in housing developments built with laterite interlocking blocks in Ado-Ekiti, Nigeria",A.J. Afolami; I.O. Oyebamiji,2018,FUTY Journal of the Environment,Nigeria,,https://www.ajol.info/index.php/fje/article/view/175910,Comfort; Environment; Housing; Laterite; Sustainability,11.0,1,AJOL
176613,Towards sustainable construction waste minimization and management in Zambia and beyond,Michael N. Mulenga,2018,"Rwanda Journal of Engineering, Science, Technology and Environment",Rwanda,10.4314/rjeste.v1i1.5S,https://www.ajol.info/index.php/rjeste/article/view/176613,Municipal Waste; Construction and Demolition waste; design and construction practices,1.0,1,AJOL
176620,Reuse of construction and demolished concrete waste by producing affordable high strength concrete block,Mbereyaho Leopold; Jean paul Ntitanguranwa; James Kabano; Noel Gasingwa,2018,"Rwanda Journal of Engineering, Science, Technology and Environment",Rwanda,10.4314/rjeste.v1i1.14S,https://www.ajol.info/index.php/rjeste/article/view/176620,Concrete wastes; Recycled concrete block; Mechanical properties; Cost effectiveness and Environmental protection,1.0,1,AJOL
177410,Yield performances of tomatoes (Lycopersicum esculentum) on organic manure buffered lateritic soils,W.A. Lamidi; K.A. Shittu; A.S. Adeyeye,2018,Journal of Applied Sciences and Environmental Management,Nigeria,10.4314/jasem.v22i8.10,https://www.ajol.info/index.php/jasem/article/view/177410,buffered laterite; number of leaves; sandy-loam; soil factors,22.0,8,AJOL
177572,Influence of curing methods on some properties of rice husk ash concrete,I Tiamiyu; I.K. Zubair; M Mamman,2018,ATBU Journal of Environmental Technology,Nigeria,,https://www.ajol.info/index.php/atbu/article/view/177572,Concrete; Curing method; Rice husk ash,11.0,1,AJOL
178284,Sustainable approach for recycling construction and demolition waste into building material in Tanzania,S.M.M. Sabai; J.J.N. Lichtenberg; M.G.D.M. Cox; R.R. Mato; E.L.C. Egmond,2018,Journal of Building and Land Development,Tanzania,,https://www.ajol.info/index.php/jbld/article/view/178284,,17.0,4,AJOL
178572,Assessing the suitability of green concrete using waste glass as partial replacement for cement,O.A. Mokuolu; H. A. Adebanjo,2018,"Journal of Research in Forestry, Wildlife and Environment",Nigeria,,https://www.ajol.info/index.php/jrfwe/article/view/178572,Concrete; Compressive strength; fire resistivity; environment,10.0,3,AJOL
179005,"Thermal effusivity, thermal conductivity and compressive strength of cement stabilized laterites blended with cow dung",A.A. Djossou; E Houehanou; A.C. Houngan; V Ayena; A Vianou,2018,Journal of Applied Science and Technology,Ghana,,https://www.ajol.info/index.php/jast/article/view/179005,Stabilized Laterite; Cow Dung; Thermo-physical Properties; Thermal Conductivity; Thermal Effusivi-ty; Hot Strip Method; Compressive Strength,22.0,1-2,AJOL
179697,Effects of tyre steel fibre reinforcement on sandcrete blocks,N.M. Musa; M Abubakar,2018,Nigerian Journal of Technology,Nigeria,10.4314/njt.v37i4.3,https://www.ajol.info/index.php/njt/article/view/179697,,37.0,4,AJOL
180096,Insecticidal activities of three weed varieties against the Bamboo Powder Post Beetle Dinoderus minutus Fabricius (Coleoptera: Bostrichidae),K. O. K. Popoola; J. A. George-Onaho; O. T. Alamu; A. E. Ayandokun,2018,Zoologist (The),Nigeria,10.4314/tzool.v16i1.6,https://www.ajol.info/index.php/tzool/article/view/180096,,16.0,,AJOL
181943,Stability and durability of sawdust ash-lime stabilised black cotton soil,I.N. Obeta; C.C. Ikeagwuani; C.M. Attama; J Okafor,2019,Nigerian Journal of Technology,Nigeria,10.4314/njt.v38i1.10,https://www.ajol.info/index.php/njt/article/view/181943,Black cotton soil; Durability; Sawdust ash; Stabilisation; Unconfined compressive strength,38.0,1,AJOL
181948,Optimisation of acetylation parameters for reduced moisture absorption of bamboo fibre using Taguchi experimental design and genetic algorithm optimisation tools,O.S. Onyekwere; A.C. Igboanugo; T.B. Adeleke,2019,Nigerian Journal of Technology,Nigeria,10.4314/njt.v38i1.14,https://www.ajol.info/index.php/njt/article/view/181948,Acetylation; Bamboo Fibre; Taguchi; Optimisation; Genetic Algorithm,38.0,1,AJOL
183574,Effects of soil recompaction on permeability,K Ahmad; Y.B. Yamusa; M.A. Bin Kamisan,2019,Science World Journal,Nigeria,,https://www.ajol.info/index.php/swj/article/view/183574,Permeability; Compaction; Laterite soil,13.0,3,AJOL
185654,Effect of sawdust ash and eggshell ash on selected engineering properties of lateralized bricks for low cost housing,A.L. Ayodele; O.M. Oketope; O.S. Olatunde,2019,Nigerian Journal of Technology,Nigeria,10.4314/njt.v38i2.1,https://www.ajol.info/index.php/njt/article/view/185654,compressive strength; laterite; stabilization; adobe bricks; pozolan,38.0,2,AJOL
187149,"Composition and particle size of mineral trioxide aggregate, portland cement and synthetic geopolymers",O.A. Osiro; D.K. Kariuki; L.W. Gathece,2019,East African Medical Journal,Kenya,,https://www.ajol.info/index.php/eamj/article/view/187149,,95.0,5,AJOL
187609,Effects of partial replacement of normal aggregates with lateritic stone in concrete,J.O. Afolayan; F.O.P. Oriola; J.E. Sani; J.F. Amao,2019,Journal of Applied Sciences and Environmental Management,Nigeria,10.4314/jasem.v23i5.29,https://www.ajol.info/index.php/jasem/article/view/187609,Lateritic stone; Cement; Concrete; Compressive strength,23.0,5,AJOL
187843,"Strength, sustainability and affordability of bamboo and mud bricks as materials used in local construction",Leopold Mbereyaho; Jean de Dieu Mutabaruka; Abaho G. Gershome; Armel Ineza; Ezra Ngirabatware,2019,"Rwanda Journal of Engineering, Science, Technology and Environment",Rwanda,10.4314/rjeste.v2i1.4,https://www.ajol.info/index.php/rjeste/article/view/187843,Affordability; Bamboo; Conventional concrete; Materials strength; Mud reinforced bricks; Sustainability,2.0,1,AJOL
188464,Comparison of socio-economic and ecological benefits of bamboo and trees: The perspectives of local communities in south-western Ghana,Richard Osei; Michael Ansong; Stefan Zerbe,2019,Southern Forests: a Journal of Forest Science,South Africa,,https://www.ajol.info/index.php/sfjfs/article/view/188464,alternative land use; biodiversity; community resource utilisation; nature conservation; non-timber forest products,81.0,3,AJOL
189986,Influence of production variables on dimensional stability of bamboo–gmelina cement-bonded particle board,L.T. Oriire; O.B. Olajide; A.B. Awe,2019,"Journal of Agriculture, Forestry and the Social Sciences",Nigeria,10.4314/joafss.v14i2.6,https://www.ajol.info/index.php/joafss/article/view/189986,Productionvariables; Cement-bonded particle board; Dimensional Stability,14.0,2,AJOL
191103,Physio-chemical and microstructural characteristics of selected pozzolanic materials for cement and concrete production,D.O. Oyejobi; S.A. Raji; S.T. Aina; A Siva,2019,Nigerian Journal of Technological Development,Nigeria,10.4314/njtd.v16i3.4,https://www.ajol.info/index.php/njtd/article/view/191103,Aquatic; agricultural; cementitious; SEM; XRF; XRD; FESEM-EDX,16.0,3,AJOL
191106,Review of selected bio-wastes as potential materials for alkali-activation for cement-based products,K.A. Olonade; H Mohammed,2019,Nigerian Journal of Technological Development,Nigeria,10.4314/njtd.v16i3.5,https://www.ajol.info/index.php/njtd/article/view/191106,Bio-wastes; alkali-activation; geopolymer; hydraulic activity coefficient; pozzolan,16.0,3,AJOL
191176,"Engineered practices of adobe masonry production in Ziway, Ethiopia",M.K. Chandrasekar; Moltot Zewdie; Tariku Nigussie,2019,Zede Journal,Ethiopia,,https://www.ajol.info/index.php/zj/article/view/191176,adobe block; adobe brick; masonry unit; pumice aggregate; teff straw,37.0,,AJOL
191186,Method of amended soils for compressed block and mortar in earthen construction,Kassahun Admassu,2019,Zede Journal,Ethiopia,,https://www.ajol.info/index.php/zj/article/view/191186,Amended compressed earth block (ACEB); Earthen construction; Durability Earthen construction; Durability Earth minerals; Mortar,37.0,,AJOL
191725,Suitability of Olokoro and Amaoba lateritic soil as pavement construction materials,H.K. Ugwuanyi; K.C. Onyelowe,2019,Nigerian Journal of Technology,Nigeria,10.4314/njt.v38i3.2,https://www.ajol.info/index.php/njt/article/view/191725,Laterite; pavement; compaction; optimum moisture content; materials,38.0,3,AJOL
191728,Compaction behaviour of lateritic soil modified with cement and rice husk ash for road construction,A. Idris; A.Y. Abdulfatah; S.S. Ahmad; S.S. Ahmad,2019,Nigerian Journal of Technology,Nigeria,10.4314/njt.v38i3.5,https://www.ajol.info/index.php/njt/article/view/191728,Cement; Compaction behaviour; Lateritic soil; Rice husk ash; Soil stabilization; Road construction,38.0,3,AJOL
191732,"Quality assessment of commercially produced sandcrete blocks in part of Akwa Ibom State, Nigeria",E.E. Ambrose; R.K. Etim; N.E. Koffi,2019,Nigerian Journal of Technology,Nigeria,10.4314/njt.v38i3.7,https://www.ajol.info/index.php/njt/article/view/191732,Compressive Strength; Sandcrete Blocks; Sieve Analysis,38.0,3,AJOL
192388,Caractérisation d’une latérite naturelle du Burkina Faso en vue de l’élimination de l’arsenic (III) et l’arsenic (V) dans les eaux souterraines,Régie Dimanche Ouedraogo; Corneille Bakouan; Brahima Sorgho; Boubié Guel; Lucien D. Bonou,2020,International Journal of Biological and Chemical Sciences,Cameroon,10.4314/ijbcs.v13i6.41,https://www.ajol.info/index.php/ijbcs/article/view/192388,laterite; characterization; adsorption; elimination; arsenic; Burkina Faso,13.0,6,AJOL
192453,Appraising the environmental friendliness of rice husk ash and oil palm shell as building materials from agricultural waste,Usman Aliyu Jalam,2020,ATBU Journal of Environmental Technology,Nigeria,,https://www.ajol.info/index.php/atbu/article/view/192453,Rice-Husk-Ash; Oil-Palm-Shell; Green Features; Agricultural Waste,12.0,1,AJOL
194585,A Quality Control Scheme for a Commercial Pozzolana Plant: A Case Study of Pozzolana Ghana Ltd,J. Sarfo-Ansah; K. A. Boakye; E. Atiemo; R. Appiah,2020,Ghana Journal of Science,Ghana,10.4314/gjs.v60i2.8,https://www.ajol.info/index.php/gjs/article/view/194585,Pozzolana cement; statistical process control; Shewhart chart; compressive strength; setting time,60.0,2,AJOL
195089,Internal Microclimate: Cumulative Exergy Consumption in a Sandcrete and a Burnt Brick- Walled Structure,A.A. Ibrahim; A.A. Adedeji,2020,Nigerian Journal of Technological Development,Nigeria,10.4314/njtd.v17i1.9,https://www.ajol.info/index.php/njtd/article/view/195089,Building; electricity; energy; eQuest; exergy; sandcrete,17.0,1,AJOL
197267,Use of Sisal Fiber and construction and demolition waste in concrete block production in Tanzania,S.M.M. Sabai,2020,Journal of Building and Land Development,Tanzania,,https://www.ajol.info/index.php/jbld/article/view/197267,SF; C&D waste; concrete blocks; recycling; quality,20.0,1-2,AJOL
197598,Comparison of strength of sandcrete blocks produce with fine aggregate from different sources,A. O. Alejo,2020,Nigerian Journal of Technology,Nigeria,10.4314/njt.v39i2.2,https://www.ajol.info/index.php/njt/article/view/197598,Sand; Sandcrete blocks; Compressive strength; Curing; Production practice,39.0,2,AJOL
197602,Towards green concrete: Response of oyster shell powder-cement concrete to splitting tensile load,O.A. Ubachukwu; F.O. Okafor,2020,Nigerian Journal of Technology,Nigeria,10.4314/njt.v39i2.6,https://www.ajol.info/index.php/njt/article/view/197602,Concrete; Cement; Oyster Shell Powder; Splitting Tensile Strength; Partial Replacement,39.0,2,AJOL
198297,Engineered soil and the need for lime-natural pozzolan mixture percentage approximation,Kassahun Admassu,2020,SINET: Ethiopian Journal of Science,Ethiopia,,https://www.ajol.info/index.php/sinet/article/view/198297,Admixture; Engineered soil; Fixation; Lime; Natural pozzolan,41.0,2,AJOL
199737,Pozzolanic and mechanical properties of Date Palm Seed Ash (Dpsa) concrete,A.S.J. Smith; G. Xu; M.J. Garba; M.Y. Aliyu,2020,Nigerian Journal of Technology,Nigeria,10.4314/njt.v39i3.5,https://www.ajol.info/index.php/njt/article/view/199737,Cement; Compressive strength; Concrete; Date palm seed ash; Partial replacement; Pozzolana,39.0,3,AJOL
204652,Mechanical Performance of Recycled Aggregate Concrete Containing Lathe Waste Steel Fibre,S.A. Alabi; C. Arum,2021,Nigerian Journal of Technological Development,Nigeria,10.4314/njtd.v17i4.9,https://www.ajol.info/index.php/njtd/article/view/204652,Recycled concrete; lathe waste; steel fibre; compressive strength; tensile strength,17.0,4,AJOL
206613,Improving the bending strength of porcelain by replacement of quartz by Rice Husk Ash (RHA),H.U. Jamo; M.Z. Noh; R. Aliyu,2021,Journal of the Nigerian Association of Mathematical Physics,Nigeria,,https://www.ajol.info/index.php/jonamp/article/view/206613,Bending strength; Bulk density; Porcelain; Quartz; RHA,39.0,,AJOL
206619,"Geo-electrical investigation of soil as foundation material in Ajayi Crowther University, Oyo, Oyo State, South Western Nigeria",Joshua Emmanuel O.; Onabiyi Omotunde Bukola,2021,Journal of the Nigerian Association of Mathematical Physics,Nigeria,,https://www.ajol.info/index.php/jonamp/article/view/206619,Geo-electric; lateritic; resistivity; foundation; VES; Subsurface layer,39.0,,AJOL
207070,Withdrawn: Safranal induces autophagy by AMPK activation and protects neurons against amyloid beta in Alzheimer’s disease,Xiaocheng Huang; Manlian Zhu; Ying Hua; Xiumei Yan; Ruilai Jiang,2021,Tropical Journal of Pharmaceutical Research,Nigeria,10.4314/tjpr.v18i3.2,https://www.ajol.info/index.php/tjpr/article/view/207070,Amyloid beta; primary neuronal cells; Autophagy; AMPK; LC3-II; Neuroprotection,18.0,3,AJOL
208321,Rice husk ash (RHA) and palm oil fuel ash (POFA) and soaking times: analysis of compressive strength of porcelain ceramics,Hassan Usman Jamo; Mohamad Zaky Noh; Ibrahim Dauda Umar; Aminu Musa Liman; Salisu Abdu,2021,Science World Journal,Nigeria,,https://www.ajol.info/index.php/swj/article/view/208321,Compressive strength; Porcelain; Ceramics; XRF; XRD,14.0,1,AJOL
209328,Reliability Evaluation of Compaction Water Content of Plantain Peel Ash Treated Lateritic Soil,K. Ishola; O.A. Olawuyi; P. Yohanna; A.A. Bello; R.O. Sani; O.O. Akin,2021,Nigerian Journal of Technological Development,Nigeria,10.4314/njtd.v18i1.7,https://www.ajol.info/index.php/njtd/article/view/209328,Coefficient of variation; compaction water content; lateritic soil; plantain peel ash; reliability index,18.0,1,AJOL
212519,A Review of Some Agricultural Wastes in Nigeria for Sustainability in the Production of Structural Concrete,C. Fapohunda; A. Kilani; B. Adigo; L. Ajayi; B. Famodimu; O. Oladipupo; A. Jeje,2021,Nigerian Journal of Technological Development,Nigeria,10.4314/njtd.v18i2.1,https://www.ajol.info/index.php/njtd/article/view/212519,Agricultural waste; Compressive strength; Pozzolans; Structure; Sustainability,18.0,2,AJOL
213780,Influence of Delay after Mixing on Compaction Characteristics of Cement- Locust Bean Waste Ash Modified Lateritic Soil,Adrian. O. Eberemu; Muritala. M. Abdullahi; Kolawole. J. Osinubi,2021,"Journal of Applied Science, Engineering and Technology",Nigeria,,https://www.ajol.info/index.php/jaset/article/view/213780,Compaction; Delay; Lateritic soils; Locust bean waste ash,15.0,1,AJOL
216970,Effects of Concrete Grades on Strength Characteristics of Metakaolin Modified Recycled Aggregate Concrete,A.U. Adebanjo; B.I.O. Dahunsi; J.O. Labiran,2021,Nigerian Journal of Technological Development,Nigeria,10.4314/njtd.v18i3.3,https://www.ajol.info/index.php/njtd/article/view/216970,,18.0,3,AJOL
216978,Deltaic Lateritic Soil in 1:5:11 Mix Design for Producing Controlled Low-Strength Material (CLSM) for Pavement Backfill,J.A. Oke,2021,Nigerian Journal of Technological Development,Nigeria,10.4314/njtd.v18i3.9,https://www.ajol.info/index.php/njtd/article/view/216978,,18.0,3,AJOL
221229,"Influence of Increasing Cement Content on some Geotechnical Properties of selected Lateritic Soils of Western Niger Delta on Sapele-Agbor Road, Nigeria",F.C. Ugbe; K.N. Nwakaji; E.A. Emioge,2022,Journal of Applied Sciences and Environmental Management,Nigeria,10.4314/jasem.v25i11.6,https://www.ajol.info/index.php/jasem/article/view/221229,,25.0,11,AJOL
225225,Application of statistical model for predicting the compressive strength of sandcretes made with different fine aggregates available in Nsukka,D.O. Erakpoweri; N.H. Onah,2022,Nigerian Journal of Technology,Nigeria,10.4314/njt.v41i1.1,https://www.ajol.info/index.php/njt/article/view/225225,Cement; Compressive Strength; Fine Aggregate; Model and Sandcrete,41.0,1,AJOL
225582,Efficiency of curing methods on some properties of sugar cane bagasse ash concrete,N.D. Usman; A.I. Tiamiyu; M.N. Isa; A.A. Maigana; J. Musa,2022,FUTY Journal of the Environment,Nigeria,,https://www.ajol.info/index.php/fje/article/view/225582,Concrete; Curing Method; Efficiency; Properties; Sugar Cane Bagasse Ash,15.0,2,AJOL
225898,Mechanical properties of geopolymer concrete with varying cement content using flyash and ground granulated blast furnace slag,P. Ashveenkumar; M. Preethi; P. Prashanth,2022,"International Journal of Engineering, Science and Technology",Nigeria,10.4314/ijest.v13i4.7,https://www.ajol.info/index.php/ijest/article/view/225898,Geopolymer; concrete; mechanical properties; sodium hydroxide; sodium silicate; GGBS; flyash,13.0,4,AJOL
226016,"Quality assessment of commercial sandcrete blocks in Minna Metropolis, Niger State",M. Abubakar; V.F Omotoriogun,2022,Nigerian Journal of Technology,Nigeria,10.4314/njt.v41i2.3,https://www.ajol.info/index.php/njt/article/view/226016,Nigerian Building Code; Nigerian Industrial Standard; Sandcrete Blocks; Quality Assessment,41.0,2,AJOL
226273,Performance assessment of mechanical and durability properties of cupola slag geopolymer concrete with fly and rice husk ashes,Stephen Adeyemi Alabi; Jeffrey Mahachi,2022,Nigerian Journal of Technological Development,Nigeria,10.4314/njtd.v19i1.4,https://www.ajol.info/index.php/njtd/article/view/226273,Chloride ion; Compressive strength; Cupola furnace slag; Geopolymer concrete; Pozzolans,19.0,1,AJOL
226490,Improvement of porcelain physical properties through the substitution of quartz element with rice husk ash and palm oil fuel ash,H.U. Jamo; I.D. Umar; S. Abdu; Zainab Ali Tambalo; Sani Abdulkarim; Ibrahim T. Salisu; Aminu Musa Liman; M.B. Abdullahi; M. Izzudden,2022,Science World Journal,Nigeria,,https://www.ajol.info/index.php/swj/article/view/226490,Feldspar; Kaolin; POFA; Quartz; RHA,17.0,1,AJOL
226618,The Potentials of Bamboo-Based Agroforestry Systems in Improving the Productivity of Tropical African Agricultural Systems,A. Addo-Danso; P. Amankwaa-Yeboah,2022,Agricultural and Food Science Journal of Ghana,Ghana,10.4314/afsjg.v14i1.11,https://www.ajol.info/index.php/afsjg/article/view/226618,Agricultural productivity; Agricultural systems; Bamboo; Bamboo-based systems; Tropical Africa,14.0,1,AJOL
226971,Effect of Hybrid Fillers of Bamboo Fiber and Commercial Glass Fiber on High Density Polyethylene Matrix,J. O. Oboh; D. Maliki; K. K. Ajekwene; O. Salako,2022,Journal of Applied Sciences and Environmental Management,Nigeria,10.4314/jasem.v26i5.2,https://www.ajol.info/index.php/jasem/article/view/226971,Melt blending; hybrid composites; bamboo fibre; glass fibre; HDPE; tensile strength,26.0,5,AJOL
235828,Rice husk ash reinforced natural rubber composites: effect of benzene diazonium salt treatment.,P. A. Ubi; P. U. Adah; N. A. Ademoh; A. A. Salawu; A. B. Hassan; J. D. Dashe; S. W. Oyeyemi,2022,Nigerian Journal of Technology,Nigeria,10.4314/njt.v41i5.8,https://www.ajol.info/index.php/njt/article/view/235828,Rice husk ash; Silica; Biocomposite; Benzene diazonium salt,41.0,5,AJOL
238743,Effect of periwinkle shell on the physical and mechanical properties of sandcrete block,Iyinoluwa E. E. Davies; Emmanuel M. Adigio,2022,Nigerian Journal of Technological Research,Nigeria,,https://www.ajol.info/index.php/njtr/article/view/238743,Sandcrete blocks; engineering properties; aggregate materials; sand; periwinkle shells,17.0,1,AJOL
238938,"Determination of Sugars, Amino Acids, pH and Alcohol in Bamboo Beverage from Southern Highlands, Tanzania",Lilian D. Kaale,2022,Tanzania Journal of Science,Tanzania,10.4314/tjs.v48i4.18,https://www.ajol.info/index.php/tjs/article/view/238938,Bamboo beverage; ulanzi; amino acids; sugars; alcohol content,48.0,4,AJOL
242257,Implementation of pozzolanic cement based on activated natural clay (ecocement): technical challenges and normative aspect,François Ganon; Ouanmini Bobet; Alain Ignassou Djinet; Mianpereum Tarkodjiel,2023,International Journal of Biological and Chemical Sciences,Cameroon,,https://www.ajol.info/index.php/ijbcs/article/view/242257,,16.0,5,AJOL
243526,"Effect of sugarcane bagasse ash and plantain leaf ash on geotechnical properties of clay soil from Efab Estate, Awka, Anambra State",N. M. Ezema; B. Adinna; C. Anayo,2023,Nigerian Journal of Technology,Nigeria,10.4314/njt.v41i6.4,https://www.ajol.info/index.php/njt/article/view/243526,Agricultural wastes; Baggase ash; Plantain leaf ash; stabilization; XRF,41.0,6,AJOL
244548,Evaluation of Pozzolanic Activity of some Clays in Ghana,Z.G. Momade; E. Atiemo,2023,Journal of Science and Technology (Ghana),Ghana,,https://www.ajol.info/index.php/just/article/view/244548,,24.0,1,AJOL
244270,Production of Building Material Inputs in Ghana: A Case Study of Sandcrete Block Manufacturers in Kumasi,Romanus D. Dinye,2023,Journal of Science and Technology (Ghana),Ghana,,https://www.ajol.info/index.php/just/article/view/244270,Building Materials; Sandcrete Blocks; Kumasi; Manufacturing,17.0,3,AJOL
244704,"The Particle Size Distribution of Laterite Soil at Ekosodin, Benin City, Nigeria",N. Kayode-Ojo; J. O. Odemerho,2023,Journal of Applied Sciences and Environmental Management,Nigeria,10.4314/jasem.v27i3.15,https://www.ajol.info/index.php/jasem/article/view/244704,Particle size distribution; Laterite soil; gully erosion; coefficient of curvature,27.0,3,AJOL
247035,Comparison between the Compressive Strength of Binary and Ternary Alkaline-activated Pozzolanic Concrete,M. O. Adeshokan; C. Arum,2023,Journal of Applied Sciences and Environmental Management,Nigeria,10.4314/jasem.v27i4.15,https://www.ajol.info/index.php/jasem/article/view/247035,rice husk ash; metakaolin; compressive strength; pozzolanic concrete,27.0,4,AJOL
247334,Contribution to the study of an eco-material based on earth stabilized by vegetable fibers and aloe-véra juice,Z. Damene; L. Chaoui; A. Chettih,2023,Journal of Fundamental and Applied Sciences,Algeria,,https://www.ajol.info/index.php/jfas/article/view/247334,eco-material; sustainable; Adobe; vegetable fiber; aloe-vera juice,12.0,1,AJOL
248258,Use of glass aggregates as a partial sand replacement: Effects on mortar performance,L. Mechri; S. Benlarbi-Oulhaci; D. Saggaï; L. Benharoune,2023,Journal of Fundamental and Applied Sciences,Algeria,10.4314/jfas.v13i1.23,https://www.ajol.info/index.php/jfas/article/view/248258,Waste glass; alluvial sand; flexural strength; compressive strength; pozzolanic activity,13.0,1,AJOL
248511,Enhancement of kaolin clay soil for civil engineering application using rice husk ash and sawdust ash geopolymer cements,A. B. Salahudeen; N. S. Kpardong; P. M. Francis,2023,Nigerian Journal of Technological Development,Nigeria,10.4314/njtd.v20i1.1232,https://www.ajol.info/index.php/njtd/article/view/248511,Weak subgrade; Kaolin clay soil; Sawdust ash; Rice husk ash; Geopolymer cements; Flexible pavements,20.0,1,AJOL
248725,Characterisation of cementitious composite materials based on calcined clay activated by silicate from rice husk ash and Ingessil silicate - activator: sodium hydroxide (NaOH),Ludovic Ivan Ntom Nkotto; Gaëlle Dounbissi Kamgang; Lionel Pierre Nkengue; Judicaël Sandjong Kanda; Jordan Valdès Sontia Metekong,2023,"International Journal of Engineering, Science and Technology",Nigeria,10.4314/ijest.v15i2.3,https://www.ajol.info/index.php/ijest/article/view/248725,Clay; rice husk ash; geopolymer binder; composite materials; physico-chemical properties,15.0,2,AJOL
251859,Stabilization of Lateritic Soil with Rubber Wood Ash and Lime for Road Construction,N. Kayode-Ojo; F. Osemwengie,2023,Journal of Applied Sciences and Environmental Management,Nigeria,,https://www.ajol.info/index.php/jasem/article/view/251859,lateritic soil; rubber wood ash; Stabilization; environmental pollution,27.0,7,AJOL
252673,Evaluation of compressive strength and abrasive properties of rice husk ash – cement compressed stabilized earth bricks,A. O. Olumodeji; F. O. Ayodele; K. D. Oluborode,2023,Nigerian Journal of Technology,Nigeria,10.4314/njt.v42i2.5,https://www.ajol.info/index.php/njt/article/view/252673,Earth bricks; Building; Compressive strength; Abrasion; Sustainability,42.0,2,AJOL
262709,Investigating the pozzolanic properties of Canarium schweinfurthii (‘Atili’) seed shell ash as partial replacement for cement in concrete,Ifeanyi Macsylva Ikechelu; Uwemedimo Nyong Wilson; Isa Sani Mohammed; Samson Olalekan Odeyemi; Okereke Chika Eze,2024,ABUAD Journal of Engineering Research and Development,Nigeria,,https://www.ajol.info/index.php/abuadjerd/article/view/262709,Concrete; Compressive Strength; Flexural Strength; Canarium Schweinfurthii Seed Shell Ash (CSSA); X-ray Florescence,6.0,2,AJOL
263123,"Unlocking the potential of bamboo entrepreneurs: Characteristics, innovations, and economic performance in Tanzania's Southern Highlands",P.J. Lyimo; J.S. Japhet; G.E. Kaaya; F.M. Ntenga; K. Masaka; G. Mbeyale; S. Nyefwe,2024,Tanzania Journal of Agricultural Sciences,Tanzania,,https://www.ajol.info/index.php/tjags/article/view/263123,Bamboo; entrepreneurs; innovation; performance,22.0,2,AJOL
263124,"Indigenous knowledge, innovation and utilization technologies of bamboo: A case of Southern Highlands of Tanzania",P.J. Lyimo; J.S. Japhet; G.E. Kaaya; F.M. Ntenga; K. Masaka; G. Mbeyale; S. Nyefwe,2024,Tanzania Journal of Agricultural Sciences,Tanzania,,https://www.ajol.info/index.php/tjags/article/view/263124,Bamboo; Innovation; Indigenous knowledge; Technology and Tanzania,22.0,2,AJOL
264834,Rice husk and snail shell ash as partial replacement of ordinary Portland cement in concrete – A review,,2024,Nigerian Journal of Technology,Nigeria,10.4314/njt.v42i4.2,https://www.ajol.info/index.php/njt/article/view/264834,Carbondioxide emission; Concrete; Global warming; Rice husk ash; Snail shell ash,42.0,4,AJOL
265436,Assessment of Flexural Strengths and Flexural Load Bearing Capacity of Bamboo Grids-Reinforced Soil Beam,,2024,Journal of Applied Sciences and Environmental Management,Nigeria,,https://www.ajol.info/index.php/jasem/article/view/265436,Bamboo grids; biaxial orientation; Flexural strength; Soil beam; uniaxial orientation,28.0,2,AJOL
