source_id,area
1214,African Studies
1560,African Studies
1561,African Studies
1563,African Studies
1003,African Studies
1351,African Studies
1217,African Studies
1538,African Studies
1352,African Studies
1219,African Studies
1354,African Studies
1006,African Studies
1355,African Studies
1010,African Studies
1358,African Studies
1223,African Studies
1570,African Studies
1571,African Studies
1013,African Studies
1360,African Studies
1361,African Studies
1015,African Studies
1575,African Studies
1576,African Studies
1022,African Studies
1025,African Studies
1026,African Studies
1540,African Studies
1366,African Studies
1581,African Studies
1042,African Studies
1591,African Studies
1596,African Studies
1387,African Studies
1051,African Studies
1389,African Studies
1390,African Studies
1392,African Studies
1601,African Studies
1545,African Studies
1400,African Studies
1401,African Studies
1402,African Studies
1608,African Studies
1066,African Studies
1257,African Studies
1258,African Studies
1259,African Studies
1612,African Studies
1546,African Studies
1619,African Studies
1622,African Studies
1092,African Studies
1094,African Studies
1269,African Studies
1640,African Studies
1284,African Studies
1550,African Studies
1643,African Studies
1446,African Studies
1551,African Studies
1455,African Studies
1649,African Studies
1552,African Studies
1650,African Studies
1112,African Studies
1458,African Studies
1115,African Studies
1119,African Studies
1713,African Studies
1714,African Studies
1468,African Studies
1123,African Studies
1124,African Studies
1129,African Studies
1130,African Studies
1654,African Studies
1718,African Studies
1305,African Studies
1306,African Studies
1132,African Studies
1661,African Studies
1138,African Studies
1148,African Studies
1677,African Studies
1155,African Studies
1320,African Studies
1555,African Studies
1556,African Studies
1498,African Studies
1499,African Studies
1176,African Studies
1513,African Studies
1518,African Studies
1199,African Studies
1730,African Studies
1202,African Studies
1207,African Studies
1526,African Studies
1697,African Studies
1003,Agriculture & Food Sciences
1358,Agriculture & Food Sciences
1223,Agriculture & Food Sciences
1572,Agriculture & Food Sciences
1018,Agriculture & Food Sciences
1583,Agriculture & Food Sciences
1031,Agriculture & Food Sciences
1584,Agriculture & Food Sciences
1702,Agriculture & Food Sciences
1032,Agriculture & Food Sciences
1034,Agriculture & Food Sciences
1035,Agriculture & Food Sciences
1367,Agriculture & Food Sciences
1586,Agriculture & Food Sciences
1588,Agriculture & Food Sciences
1378,Agriculture & Food Sciences
1594,Agriculture & Food Sciences
1379,Agriculture & Food Sciences
1047,Agriculture & Food Sciences
1388,Agriculture & Food Sciences
1605,Agriculture & Food Sciences
1060,Agriculture & Food Sciences
1606,Agriculture & Food Sciences
1255,Agriculture & Food Sciences
1071,Agriculture & Food Sciences
1403,Agriculture & Food Sciences
1076,Agriculture & Food Sciences
1404,Agriculture & Food Sciences
1077,Agriculture & Food Sciences
1414,Agriculture & Food Sciences
1415,Agriculture & Food Sciences
1425,Agriculture & Food Sciences
1278,Agriculture & Food Sciences
1631,Agriculture & Food Sciences
1632,Agriculture & Food Sciences
1279,Agriculture & Food Sciences
1280,Agriculture & Food Sciences
1430,Agriculture & Food Sciences
1431,Agriculture & Food Sciences
1432,Agriculture & Food Sciences
1282,Agriculture & Food Sciences
1443,Agriculture & Food Sciences
1117,Agriculture & Food Sciences
1302,Agriculture & Food Sciences
1472,Agriculture & Food Sciences
1660,Agriculture & Food Sciences
1720,Agriculture & Food Sciences
1477,Agriculture & Food Sciences
1722,Agriculture & Food Sciences
1663,Agriculture & Food Sciences
1723,Agriculture & Food Sciences
1488,Agriculture & Food Sciences
1489,Agriculture & Food Sciences
1674,Agriculture & Food Sciences
1313,Agriculture & Food Sciences
1157,Agriculture & Food Sciences
1161,Agriculture & Food Sciences
1738,Agriculture & Food Sciences
1166,Agriculture & Food Sciences
1177,Agriculture & Food Sciences
1178,Agriculture & Food Sciences
1516,Agriculture & Food Sciences
1191,Agriculture & Food Sciences
1195,Agriculture & Food Sciences
1687,Agriculture & Food Sciences
1339,Agriculture & Food Sciences
1205,Agriculture & Food Sciences
1690,Agriculture & Food Sciences
1527,Agriculture & Food Sciences
1528,Agriculture & Food Sciences
1004,Aquatic Sciences
1016,Aquatic Sciences
1577,Aquatic Sciences
1636,Aquatic Sciences
1663,Aquatic Sciences
1479,Aquatic Sciences
1195,Aquatic Sciences
1688,Aquatic Sciences
1344,Aquatic Sciences
1345,Aquatic Sciences
1218,Art & Architecture
1025,Art & Architecture
1580,Art & Architecture
1368,Art & Architecture
1048,Art & Architecture
1384,Art & Architecture
1603,Art & Architecture
1623,Art & Architecture
1712,Art & Architecture
1115,Art & Architecture
1468,Art & Architecture
1657,Art & Architecture
1133,Art & Architecture
1492,Art & Architecture
1494,Art & Architecture
1167,Art & Architecture
1176,Art & Architecture
1186,Art & Architecture
1340,Art & Architecture
1534,Art & Architecture
1216,Biology & Life Sciences
1562,Biology & Life Sciences
1218,Biology & Life Sciences
1565,Biology & Life Sciences
1353,Biology & Life Sciences
1566,Biology & Life Sciences
1567,Biology & Life Sciences
1568,Biology & Life Sciences
1222,Biology & Life Sciences
1224,Biology & Life Sciences
1014,Biology & Life Sciences
1574,Biology & Life Sciences
1539,Biology & Life Sciences
1579,Biology & Life Sciences
1033,Biology & Life Sciences
1034,Biology & Life Sciences
1231,Biology & Life Sciences
1232,Biology & Life Sciences
1036,Biology & Life Sciences
1542,Biology & Life Sciences
1037,Biology & Life Sciences
1235,Biology & Life Sciences
1039,Biology & Life Sciences
1704,Biology & Life Sciences
1372,Biology & Life Sciences
1040,Biology & Life Sciences
1041,Biology & Life Sciences
1043,Biology & Life Sciences
1238,Biology & Life Sciences
1239,Biology & Life Sciences
1375,Biology & Life Sciences
1045,Biology & Life Sciences
1593,Biology & Life Sciences
1705,Biology & Life Sciences
1049,Biology & Life Sciences
1049,Biology & Life Sciences
1736,Biology & Life Sciences
1247,Biology & Life Sciences
1249,Biology & Life Sciences
1600,Biology & Life Sciences
1602,Biology & Life Sciences
1395,Biology & Life Sciences
1396,Biology & Life Sciences
1397,Biology & Life Sciences
1250,Biology & Life Sciences
1056,Biology & Life Sciences
1251,Biology & Life Sciences
1604,Biology & Life Sciences
1061,Biology & Life Sciences
1606,Biology & Life Sciences
1252,Biology & Life Sciences
1253,Biology & Life Sciences
1735,Biology & Life Sciences
1610,Biology & Life Sciences
1070,Biology & Life Sciences
1264,Biology & Life Sciences
1411,Biology & Life Sciences
1093,Biology & Life Sciences
1419,Biology & Life Sciences
1420,Biology & Life Sciences
1422,Biology & Life Sciences
1634,Biology & Life Sciences
1433,Biology & Life Sciences
1642,Biology & Life Sciences
1644,Biology & Life Sciences
1645,Biology & Life Sciences
1710,Biology & Life Sciences
1287,Biology & Life Sciences
1111,Biology & Life Sciences
1457,Biology & Life Sciences
1464,Biology & Life Sciences
1117,Biology & Life Sciences
1296,Biology & Life Sciences
1301,Biology & Life Sciences
1131,Biology & Life Sciences
1302,Biology & Life Sciences
1304,Biology & Life Sciences
1473,Biology & Life Sciences
1476,Biology & Life Sciences
1134,Biology & Life Sciences
1307,Biology & Life Sciences
1135,Biology & Life Sciences
1139,Biology & Life Sciences
1308,Biology & Life Sciences
1480,Biology & Life Sciences
1481,Biology & Life Sciences
1482,Biology & Life Sciences
1724,Biology & Life Sciences
1146,Biology & Life Sciences
1313,Biology & Life Sciences
1150,Biology & Life Sciences
1152,Biology & Life Sciences
1154,Biology & Life Sciences
1315,Biology & Life Sciences
1157,Biology & Life Sciences
1497,Biology & Life Sciences
1319,Biology & Life Sciences
1162,Biology & Life Sciences
1502,Biology & Life Sciences
1503,Biology & Life Sciences
1164,Biology & Life Sciences
1680,Biology & Life Sciences
1727,Biology & Life Sciences
1330,Biology & Life Sciences
1681,Biology & Life Sciences
1168,Biology & Life Sciences
1332,Biology & Life Sciences
1171,Biology & Life Sciences
1512,Biology & Life Sciences
1516,Biology & Life Sciences
1350,Biology & Life Sciences
1686,Biology & Life Sciences
1341,Biology & Life Sciences
1205,Biology & Life Sciences
1693,Biology & Life Sciences
1694,Biology & Life Sciences
1696,Biology & Life Sciences
1348,Biology & Life Sciences
1734,Biology & Life Sciences
1349,Biology & Life Sciences
1699,Biology & Life Sciences
1537,"Chemistry, Mathematics & Physics"
1002,"Chemistry, Mathematics & Physics"
1216,"Chemistry, Mathematics & Physics"
1568,"Chemistry, Mathematics & Physics"
1700,"Chemistry, Mathematics & Physics"
1029,"Chemistry, Mathematics & Physics"
1579,"Chemistry, Mathematics & Physics"
1541,"Chemistry, Mathematics & Physics"
1039,"Chemistry, Mathematics & Physics"
1592,"Chemistry, Mathematics & Physics"
1240,"Chemistry, Mathematics & Physics"
1736,"Chemistry, Mathematics & Physics"
1247,"Chemistry, Mathematics & Physics"
1391,"Chemistry, Mathematics & Physics"
1600,"Chemistry, Mathematics & Physics"
1253,"Chemistry, Mathematics & Physics"
1069,"Chemistry, Mathematics & Physics"
1260,"Chemistry, Mathematics & Physics"
1405,"Chemistry, Mathematics & Physics"
1408,"Chemistry, Mathematics & Physics"
1547,"Chemistry, Mathematics & Physics"
1087,"Chemistry, Mathematics & Physics"
1411,"Chemistry, Mathematics & Physics"
1093,"Chemistry, Mathematics & Physics"
1626,"Chemistry, Mathematics & Physics"
1270,"Chemistry, Mathematics & Physics"
1628,"Chemistry, Mathematics & Physics"
1277,"Chemistry, Mathematics & Physics"
1634,"Chemistry, Mathematics & Physics"
1432,"Chemistry, Mathematics & Physics"
1644,"Chemistry, Mathematics & Physics"
1461,"Chemistry, Mathematics & Physics"
1471,"Chemistry, Mathematics & Physics"
1304,"Chemistry, Mathematics & Physics"
1719,"Chemistry, Mathematics & Physics"
1476,"Chemistry, Mathematics & Physics"
1134,"Chemistry, Mathematics & Physics"
1664,"Chemistry, Mathematics & Physics"
1308,"Chemistry, Mathematics & Physics"
1485,"Chemistry, Mathematics & Physics"
1314,"Chemistry, Mathematics & Physics"
1319,"Chemistry, Mathematics & Physics"
1160,"Chemistry, Mathematics & Physics"
1502,"Chemistry, Mathematics & Physics"
1503,"Chemistry, Mathematics & Physics"
1680,"Chemistry, Mathematics & Physics"
1727,"Chemistry, Mathematics & Physics"
1330,"Chemistry, Mathematics & Physics"
1681,"Chemistry, Mathematics & Physics"
1182,"Chemistry, Mathematics & Physics"
1196,"Chemistry, Mathematics & Physics"
1522,"Chemistry, Mathematics & Physics"
1695,"Chemistry, Mathematics & Physics"
1348,"Chemistry, Mathematics & Physics"
1349,"Chemistry, Mathematics & Physics"
1589,Earth Sciences
1262,Earth Sciences
1079,Earth Sciences
1710,Earth Sciences
1451,Earth Sciences
1128,Earth Sciences
1163,Earth Sciences
1182,Earth Sciences
1516,Earth Sciences
1212,Economics & Development
1214,Economics & Development
1560,Economics & Development
1561,Economics & Development
1564,Economics & Development
1006,Economics & Development
1355,Economics & Development
1007,Economics & Development
1009,Economics & Development
1359,Economics & Development
1570,Economics & Development
1225,Economics & Development
1226,Economics & Development
1021,Economics & Development
1024,Economics & Development
1027,Economics & Development
1031,Economics & Development
1035,Economics & Development
1370,Economics & Development
1737,Economics & Development
1376,Economics & Development
1046,Economics & Development
1243,Economics & Development
1387,Economics & Development
1248,Economics & Development
1597,Economics & Development
1051,Economics & Development
1389,Economics & Development
1392,Economics & Development
1706,Economics & Development
1400,Economics & Development
1401,Economics & Development
1402,Economics & Development
1065,Economics & Development
1707,Economics & Development
1612,Economics & Development
1613,Economics & Development
1082,Economics & Development
1085,Economics & Development
1624,Economics & Development
1417,Economics & Development
1100,Economics & Development
1278,Economics & Development
1102,Economics & Development
1435,Economics & Development
1638,Economics & Development
1641,Economics & Development
1282,Economics & Development
1282,Economics & Development
1445,Economics & Development
1642,Economics & Development
1286,Economics & Development
1288,Economics & Development
1649,Economics & Development
1290,Economics & Development
1711,Economics & Development
1650,Economics & Development
1292,Economics & Development
1112,Economics & Development
1113,Economics & Development
1293,Economics & Development
1117,Economics & Development
1121,Economics & Development
1122,Economics & Development
1125,Economics & Development
1126,Economics & Development
1128,Economics & Development
1654,Economics & Development
1733,Economics & Development
1659,Economics & Development
1666,Economics & Development
1311,Economics & Development
1313,Economics & Development
1155,Economics & Development
1317,Economics & Development
1318,Economics & Development
1495,Economics & Development
1678,Economics & Development
1321,Economics & Development
1555,Economics & Development
1161,Economics & Development
1739,Economics & Development
1165,Economics & Development
1166,Economics & Development
1188,Economics & Development
1729,Economics & Development
1200,Economics & Development
1340,Economics & Development
1207,Economics & Development
1690,Economics & Development
1529,Economics & Development
1208,Economics & Development
1535,Economics & Development
1568,Education
1008,Education
1009,Education
1700,Education
1011,Education
1224,Education
1227,Education
1371,Education
1042,Education
1046,Education
1382,Education
1244,Education
1248,Education
1050,Education
1394,Education
1057,Education
1062,Education
1607,Education
1259,Education
1078,Education
1618,Education
1622,Education
1268,Education
1625,Education
1269,Education
1096,Education
1272,Education
1276,Education
1100,Education
1103,Education
1640,Education
1285,Education
1114,Education
1458,Education
1119,Education
1120,Education
1126,Education
1129,Education
1668,Education
1673,Education
1156,Education
1495,Education
1556,Education
1165,Education
1683,Education
1175,Education
1181,Education
1514,Education
1517,Education
1337,Education
1190,Education
1730,Education
1347,Education
1209,Education
1351,Environmental Sciences
1353,Environmental Sciences
1356,Environmental Sciences
1539,Environmental Sciences
1230,Environmental Sciences
1582,Environmental Sciences
1589,Environmental Sciences
1045,Environmental Sciences
1047,Environmental Sciences
1058,Environmental Sciences
1060,Environmental Sciences
1063,Environmental Sciences
1707,Environmental Sciences
1262,Environmental Sciences
1406,Environmental Sciences
1415,Environmental Sciences
1632,Environmental Sciences
1279,Environmental Sciences
1440,Environmental Sciences
1710,Environmental Sciences
1648,Environmental Sciences
1113,Environmental Sciences
1118,Environmental Sciences
1297,Environmental Sciences
1125,Environmental Sciences
1128,Environmental Sciences
1301,Environmental Sciences
1657,Environmental Sciences
1663,Environmental Sciences
1135,Environmental Sciences
1141,Environmental Sciences
1488,Environmental Sciences
1671,Environmental Sciences
1678,Environmental Sciences
1161,Environmental Sciences
1163,Environmental Sciences
1738,Environmental Sciences
1557,Environmental Sciences
1168,Environmental Sciences
1350,Environmental Sciences
1337,Environmental Sciences
1191,Environmental Sciences
1687,Environmental Sciences
1690,Environmental Sciences
1694,Environmental Sciences
1212,Finance & Management
1564,Finance & Management
1357,Finance & Management
1225,Finance & Management
1576,Finance & Management
1027,Finance & Management
1376,Finance & Management
1051,Finance & Management
1400,Finance & Management
1082,Finance & Management
1616,Finance & Management
1085,Finance & Management
1624,Finance & Management
1435,Finance & Management
1436,Finance & Management
1109,Finance & Management
1121,Finance & Management
1122,Finance & Management
1469,Finance & Management
1125,Finance & Management
1126,Finance & Management
1733,Finance & Management
1474,Finance & Management
1155,Finance & Management
1555,Finance & Management
1325,Finance & Management
1510,Finance & Management
1172,Finance & Management
1188,Finance & Management
1200,Finance & Management
1730,Finance & Management
1208,Finance & Management
1016,Fish & Fisheries
1577,Fish & Fisheries
1479,Fish & Fisheries
1345,Fish & Fisheries
1537,General Science (broad subject range)
1210,General Science (broad subject range)
1211,General Science (broad subject range)
1559,General Science (broad subject range)
1215,General Science (broad subject range)
1562,General Science (broad subject range)
1221,General Science (broad subject range)
1008,General Science (broad subject range)
1356,General Science (broad subject range)
1014,General Science (broad subject range)
1020,General Science (broad subject range)
1365,General Science (broad subject range)
1228,General Science (broad subject range)
1539,General Science (broad subject range)
1026,General Science (broad subject range)
1030,General Science (broad subject range)
1582,General Science (broad subject range)
1541,General Science (broad subject range)
1232,General Science (broad subject range)
1035,General Science (broad subject range)
1036,General Science (broad subject range)
1542,General Science (broad subject range)
1234,General Science (broad subject range)
1235,General Science (broad subject range)
1543,General Science (broad subject range)
1040,General Science (broad subject range)
1236,General Science (broad subject range)
1041,General Science (broad subject range)
1591,General Science (broad subject range)
1237,General Science (broad subject range)
1043,General Science (broad subject range)
1238,General Science (broad subject range)
1592,General Science (broad subject range)
1374,General Science (broad subject range)
1045,General Science (broad subject range)
1593,General Science (broad subject range)
1241,General Science (broad subject range)
1047,General Science (broad subject range)
1381,General Science (broad subject range)
1386,General Science (broad subject range)
1246,General Science (broad subject range)
1736,General Science (broad subject range)
1247,General Science (broad subject range)
1598,General Science (broad subject range)
1250,General Science (broad subject range)
1399,General Science (broad subject range)
1056,General Science (broad subject range)
1058,General Science (broad subject range)
1251,General Science (broad subject range)
1604,General Science (broad subject range)
1060,General Science (broad subject range)
1606,General Science (broad subject range)
1607,General Science (broad subject range)
1252,General Science (broad subject range)
1253,General Science (broad subject range)
1735,General Science (broad subject range)
1254,General Science (broad subject range)
1065,General Science (broad subject range)
1255,General Science (broad subject range)
1610,General Science (broad subject range)
1068,General Science (broad subject range)
1069,General Science (broad subject range)
1259,General Science (broad subject range)
1070,General Science (broad subject range)
1260,General Science (broad subject range)
1707,General Science (broad subject range)
1073,General Science (broad subject range)
1613,General Science (broad subject range)
1076,General Science (broad subject range)
1080,General Science (broad subject range)
1616,General Science (broad subject range)
1264,General Science (broad subject range)
1266,General Science (broad subject range)
1620,General Science (broad subject range)
1087,General Science (broad subject range)
1089,General Science (broad subject range)
1091,General Science (broad subject range)
1415,General Science (broad subject range)
1623,General Science (broad subject range)
1093,General Science (broad subject range)
1626,General Science (broad subject range)
1627,General Science (broad subject range)
1419,General Science (broad subject range)
1420,General Science (broad subject range)
1424,General Science (broad subject range)
1272,General Science (broad subject range)
1628,General Science (broad subject range)
1426,General Science (broad subject range)
1274,General Science (broad subject range)
1630,General Science (broad subject range)
1427,General Science (broad subject range)
1277,General Science (broad subject range)
1632,General Science (broad subject range)
1279,General Science (broad subject range)
1633,General Science (broad subject range)
1634,General Science (broad subject range)
1101,General Science (broad subject range)
1635,General Science (broad subject range)
1103,General Science (broad subject range)
1637,General Science (broad subject range)
1639,General Science (broad subject range)
1641,General Science (broad subject range)
1108,General Science (broad subject range)
1109,General Science (broad subject range)
1648,General Science (broad subject range)
1290,General Science (broad subject range)
1291,General Science (broad subject range)
1456,General Science (broad subject range)
1552,General Science (broad subject range)
1294,General Science (broad subject range)
1459,General Science (broad subject range)
1460,General Science (broad subject range)
1464,General Science (broad subject range)
1296,General Science (broad subject range)
1297,General Science (broad subject range)
1717,General Science (broad subject range)
1656,General Science (broad subject range)
1131,General Science (broad subject range)
1302,General Science (broad subject range)
1304,General Science (broad subject range)
1662,General Science (broad subject range)
1307,General Science (broad subject range)
1665,General Science (broad subject range)
1139,General Science (broad subject range)
1667,General Science (broad subject range)
1480,General Science (broad subject range)
1141,General Science (broad subject range)
1724,General Science (broad subject range)
1487,General Science (broad subject range)
1146,General Science (broad subject range)
1311,General Science (broad subject range)
1671,General Science (broad subject range)
1312,General Science (broad subject range)
1150,General Science (broad subject range)
1152,General Science (broad subject range)
1315,General Science (broad subject range)
1316,General Science (broad subject range)
1157,General Science (broad subject range)
1319,General Science (broad subject range)
1678,General Science (broad subject range)
1323,General Science (broad subject range)
1324,General Science (broad subject range)
1163,General Science (broad subject range)
1679,General Science (broad subject range)
1557,General Science (broad subject range)
1164,General Science (broad subject range)
1329,General Science (broad subject range)
1166,General Science (broad subject range)
1330,General Science (broad subject range)
1681,General Science (broad subject range)
1167,General Science (broad subject range)
1508,General Science (broad subject range)
1682,General Science (broad subject range)
1168,General Science (broad subject range)
1170,General Science (broad subject range)
1332,General Science (broad subject range)
1350,General Science (broad subject range)
1519,General Science (broad subject range)
1686,General Science (broad subject range)
1195,General Science (broad subject range)
1196,General Science (broad subject range)
1198,General Science (broad subject range)
1524,General Science (broad subject range)
1341,General Science (broad subject range)
1205,General Science (broad subject range)
1529,General Science (broad subject range)
1695,General Science (broad subject range)
1346,General Science (broad subject range)
1535,General Science (broad subject range)
1536,General Science (broad subject range)
1537,Health
1558,Health
1211,Health
1216,Health
1562,Health
1217,Health
1218,Health
1219,Health
1220,Health
1565,Health
1566,Health
1222,Health
1005,Health
1569,Health
1011,Health
1012,Health
1570,Health
1224,Health
1571,Health
1013,Health
1014,Health
1573,Health
1701,Health
1362,Health
1017,Health
1363,Health
1574,Health
1019,Health
1020,Health
1228,Health
1022,Health
1023,Health
1579,Health
1033,Health
1034,Health
1231,Health
1232,Health
1036,Health
1587,Health
1369,Health
1234,Health
1235,Health
1038,Health
1039,Health
1543,Health
1703,Health
1704,Health
1372,Health
1373,Health
1040,Health
1041,Health
1237,Health
1043,Health
1238,Health
1044,Health
1374,Health
1593,Health
1595,Health
1380,Health
1382,Health
1383,Health
1386,Health
1049,Health
1248,Health
1597,Health
1597,Health
1390,Health
1052,Health
1599,Health
1053,Health
1600,Health
1393,Health
1394,Health
1250,Health
1055,Health
1398,Health
1056,Health
1604,Health
1064,Health
1252,Health
1735,Health
1254,Health
1256,Health
1067,Health
1068,Health
1261,Health
1075,Health
1405,Health
1409,Health
1084,Health
1264,Health
1617,Health
1266,Health
1547,Health
1411,Health
1623,Health
1419,Health
1420,Health
1421,Health
1422,Health
1423,Health
1097,Health
1628,Health
1629,Health
1274,Health
1275,Health
1103,Health
1433,Health
1104,Health
1281,Health
1106,Health
1107,Health
1441,Health
1442,Health
1444,Health
1109,Health
1642,Health
1644,Health
1447,Health
1448,Health
1645,Health
1449,Health
1450,Health
1453,Health
1287,Health
1646,Health
1647,Health
1289,Health
1457,Health
1459,Health
1462,Health
1651,Health
1463,Health
1553,Health
1465,Health
1296,Health
1127,Health
1298,Health
1470,Health
1656,Health
1300,Health
1131,Health
1475,Health
1476,Health
1134,Health
1721,Health
1665,Health
1137,Health
1139,Health
1668,Health
1308,Health
1480,Health
1482,Health
1309,Health
1669,Health
1724,Health
1142,Health
1483,Health
1484,Health
1310,Health
1143,Health
1725,Health
1144,Health
1486,Health
1487,Health
1146,Health
1490,Health
1491,Health
1147,Health
1672,Health
1493,Health
1676,Health
1150,Health
1554,Health
1151,Health
1152,Health
1315,Health
1316,Health
1158,Health
1322,Health
1324,Health
1162,Health
1502,Health
1679,Health
1503,Health
1326,Health
1164,Health
1327,Health
1328,Health
1506,Health
1680,Health
1727,Health
1509,Health
1169,Health
1332,Health
1171,Health
1174,Health
1684,Health
1175,Health
1180,Health
1334,Health
1183,Health
1335,Health
1685,Health
1185,Health
1187,Health
1189,Health
1336,Health
1338,Health
1194,Health
1520,Health
1728,Health
1197,Health
1521,Health
1689,Health
1525,Health
1341,Health
1342,Health
1203,Health
1204,Health
1530,Health
1696,Health
1531,Health
1532,Health
1348,Health
1734,Health
1467,History
1132,History
1666,History
1513,History
1347,History
1697,History
1001,Humanities (broad subject range)
1538,Humanities (broad subject range)
1564,Humanities (broad subject range)
1221,Humanities (broad subject range)
1010,Humanities (broad subject range)
1359,Humanities (broad subject range)
1021,Humanities (broad subject range)
1024,Humanities (broad subject range)
1025,Humanities (broad subject range)
1026,Humanities (broad subject range)
1027,Humanities (broad subject range)
1028,Humanities (broad subject range)
1540,Humanities (broad subject range)
1580,Humanities (broad subject range)
1233,Humanities (broad subject range)
1370,Humanities (broad subject range)
1371,Humanities (broad subject range)
1042,Humanities (broad subject range)
1591,Humanities (broad subject range)
1046,Humanities (broad subject range)
1242,Humanities (broad subject range)
1383,Humanities (broad subject range)
1048,Humanities (broad subject range)
1245,Humanities (broad subject range)
1050,Humanities (broad subject range)
1601,Humanities (broad subject range)
1545,Humanities (broad subject range)
1054,Humanities (broad subject range)
1603,Humanities (broad subject range)
1066,Humanities (broad subject range)
1609,Humanities (broad subject range)
1257,Humanities (broad subject range)
1258,Humanities (broad subject range)
1611,Humanities (broad subject range)
1262,Humanities (broad subject range)
1263,Humanities (broad subject range)
1405,Humanities (broad subject range)
1407,Humanities (broad subject range)
1081,Humanities (broad subject range)
1546,Humanities (broad subject range)
1083,Humanities (broad subject range)
1410,Humanities (broad subject range)
1265,Humanities (broad subject range)
1619,Humanities (broad subject range)
1088,Humanities (broad subject range)
1090,Humanities (broad subject range)
1416,Humanities (broad subject range)
1094,Humanities (broad subject range)
1271,Humanities (broad subject range)
1098,Humanities (broad subject range)
1548,Humanities (broad subject range)
1429,Humanities (broad subject range)
1105,Humanities (broad subject range)
1638,Humanities (broad subject range)
1640,Humanities (broad subject range)
1445,Humanities (broad subject range)
1283,Humanities (broad subject range)
1550,Humanities (broad subject range)
1285,Humanities (broad subject range)
1288,Humanities (broad subject range)
1292,Humanities (broad subject range)
1114,Humanities (broad subject range)
1119,Humanities (broad subject range)
1122,Humanities (broad subject range)
1123,Humanities (broad subject range)
1124,Humanities (broad subject range)
1653,Humanities (broad subject range)
1716,Humanities (broad subject range)
1130,Humanities (broad subject range)
1733,Humanities (broad subject range)
1657,Humanities (broad subject range)
1305,Humanities (broad subject range)
1659,Humanities (broad subject range)
1306,Humanities (broad subject range)
1133,Humanities (broad subject range)
1138,Humanities (broad subject range)
1668,Humanities (broad subject range)
1145,Humanities (broad subject range)
1148,Humanities (broad subject range)
1677,Humanities (broad subject range)
1316,Humanities (broad subject range)
1556,Humanities (broad subject range)
1323,Humanities (broad subject range)
1500,Humanities (broad subject range)
1325,Humanities (broad subject range)
1679,Humanities (broad subject range)
1739,Humanities (broad subject range)
1165,Humanities (broad subject range)
1329,Humanities (broad subject range)
1173,Humanities (broad subject range)
1192,Humanities (broad subject range)
1193,Humanities (broad subject range)
1518,Humanities (broad subject range)
1199,Humanities (broad subject range)
1200,Humanities (broad subject range)
1201,Humanities (broad subject range)
1202,Humanities (broad subject range)
1526,Humanities (broad subject range)
1691,Humanities (broad subject range)
1529,Humanities (broad subject range)
1692,Humanities (broad subject range)
1533,Humanities (broad subject range)
1697,Humanities (broad subject range)
1015,"Information, Communication & Library Sciences"
1225,"Information, Communication & Library Sciences"
1059,"Information, Communication & Library Sciences"
1074,"Information, Communication & Library Sciences"
1267,"Information, Communication & Library Sciences"
1412,"Information, Communication & Library Sciences"
1089,"Information, Communication & Library Sciences"
1413,"Information, Communication & Library Sciences"
1095,"Information, Communication & Library Sciences"
1270,"Information, Communication & Library Sciences"
1096,"Information, Communication & Library Sciences"
1638,"Information, Communication & Library Sciences"
1446,"Information, Communication & Library Sciences"
1116,"Information, Communication & Library Sciences"
1715,"Information, Communication & Library Sciences"
1138,"Information, Communication & Library Sciences"
1726,"Information, Communication & Library Sciences"
1673,"Information, Communication & Library Sciences"
1320,"Information, Communication & Library Sciences"
1501,"Information, Communication & Library Sciences"
1507,"Information, Communication & Library Sciences"
1732,"Information, Communication & Library Sciences"
1581,Language & Literature
1233,Language & Literature
1384,Language & Literature
1385,Language & Literature
1245,Language & Literature
1054,Language & Literature
1057,Language & Literature
1263,Language & Literature
1265,Language & Literature
1098,Language & Literature
1273,Language & Literature
1276,Language & Literature
1550,Language & Literature
1643,Language & Literature
1285,Language & Literature
1551,Language & Literature
1713,Language & Literature
1714,Language & Literature
1653,Language & Literature
1130,Language & Literature
1655,Language & Literature
1658,Language & Literature
1132,Language & Literature
1133,Language & Literature
1673,Language & Literature
1148,Language & Literature
1683,Language & Literature
1176,Language & Literature
1190,Language & Literature
1192,Language & Literature
1193,Language & Literature
1202,Language & Literature
1206,Language & Literature
1691,Language & Literature
1544,Philosophy
1054,Philosophy
1708,Philosophy
1454,Philosophy
1495,Philosophy
1496,Philosophy
1511,Philosophy
1515,Philosophy
1523,Philosophy
1006,Political Science & Law
1359,Political Science & Law
1360,Political Science & Law
1361,Political Science & Law
1575,Political Science & Law
1576,Political Science & Law
1226,Political Science & Law
1544,Political Science & Law
1590,Political Science & Law
1608,Political Science & Law
1083,Political Science & Law
1092,Political Science & Law
1416,Political Science & Law
1548,Political Science & Law
1429,Political Science & Law
1284,Political Science & Law
1293,Political Science & Law
1652,Political Science & Law
1303,Political Science & Law
1659,Political Science & Law
1661,Political Science & Law
1675,Political Science & Law
1153,Political Science & Law
1317,Political Science & Law
1159,Political Science & Law
1500,Political Science & Law
1173,Political Science & Law
1179,Political Science & Law
1523,Political Science & Law
1352,Psychology & Psychiatry
1220,Psychology & Psychiatry
1354,Psychology & Psychiatry
1569,Psychology & Psychiatry
1573,Psychology & Psychiatry
1364,Psychology & Psychiatry
1044,Psychology & Psychiatry
1394,Psychology & Psychiatry
1256,Psychology & Psychiatry
1068,Psychology & Psychiatry
1611,Psychology & Psychiatry
1266,Psychology & Psychiatry
1621,Psychology & Psychiatry
1088,Psychology & Psychiatry
1418,Psychology & Psychiatry
1104,Psychology & Psychiatry
1455,Psychology & Psychiatry
1478,Psychology & Psychiatry
1140,Psychology & Psychiatry
1670,Psychology & Psychiatry
1145,Psychology & Psychiatry
1184,Psychology & Psychiatry
1213,Religion
1242,Religion
1243,Religion
1072,Religion
1086,Religion
1708,Religion
1428,Religion
1099,Religion
1136,Religion
1201,Religion
1692,Religion
1563,Sociology & Anthropology
1538,Sociology & Anthropology
1220,Sociology & Anthropology
1354,Sociology & Anthropology
1569,Sociology & Anthropology
1226,Sociology & Anthropology
1227,Sociology & Anthropology
1021,Sociology & Anthropology
1022,Sociology & Anthropology
1540,Sociology & Anthropology
1578,Sociology & Anthropology
1580,Sociology & Anthropology
1581,Sociology & Anthropology
1544,Sociology & Anthropology
1242,Sociology & Anthropology
1596,Sociology & Anthropology
1383,Sociology & Anthropology
1243,Sociology & Anthropology
1048,Sociology & Anthropology
1245,Sociology & Anthropology
1050,Sociology & Anthropology
1545,Sociology & Anthropology
1608,Sociology & Anthropology
1066,Sociology & Anthropology
1257,Sociology & Anthropology
1258,Sociology & Anthropology
1611,Sociology & Anthropology
1546,Sociology & Anthropology
1265,Sociology & Anthropology
1622,Sociology & Anthropology
1090,Sociology & Anthropology
1092,Sociology & Anthropology
1416,Sociology & Anthropology
1418,Sociology & Anthropology
1271,Sociology & Anthropology
1098,Sociology & Anthropology
1273,Sociology & Anthropology
1428,Sociology & Anthropology
1278,Sociology & Anthropology
1105,Sociology & Anthropology
1439,Sociology & Anthropology
1445,Sociology & Anthropology
1284,Sociology & Anthropology
1454,Sociology & Anthropology
1292,Sociology & Anthropology
1112,Sociology & Anthropology
1712,Sociology & Anthropology
1123,Sociology & Anthropology
1305,Sociology & Anthropology
1306,Sociology & Anthropology
1487,Sociology & Anthropology
1145,Sociology & Anthropology
1675,Sociology & Anthropology
1153,Sociology & Anthropology
1317,Sociology & Anthropology
1318,Sociology & Anthropology
1321,Sociology & Anthropology
1325,Sociology & Anthropology
1739,Sociology & Anthropology
1504,Sociology & Anthropology
1331,Sociology & Anthropology
1173,Sociology & Anthropology
1175,Sociology & Anthropology
1513,Sociology & Anthropology
1192,Sociology & Anthropology
1193,Sociology & Anthropology
1729,Sociology & Anthropology
1199,Sociology & Anthropology
1523,Sociology & Anthropology
1691,Sociology & Anthropology
1692,Sociology & Anthropology
1210,"Technology, Computer Science & Engineering"
1002,"Technology, Computer Science & Engineering"
1211,"Technology, Computer Science & Engineering"
1559,"Technology, Computer Science & Engineering"
1212,"Technology, Computer Science & Engineering"
1215,"Technology, Computer Science & Engineering"
1221,"Technology, Computer Science & Engineering"
1008,"Technology, Computer Science & Engineering"
1582,"Technology, Computer Science & Engineering"
1541,"Technology, Computer Science & Engineering"
1585,"Technology, Computer Science & Engineering"
1542,"Technology, Computer Science & Engineering"
1236,"Technology, Computer Science & Engineering"
1589,"Technology, Computer Science & Engineering"
1377,"Technology, Computer Science & Engineering"
1241,"Technology, Computer Science & Engineering"
1249,"Technology, Computer Science & Engineering"
1058,"Technology, Computer Science & Engineering"
1251,"Technology, Computer Science & Engineering"
1255,"Technology, Computer Science & Engineering"
1069,"Technology, Computer Science & Engineering"
1070,"Technology, Computer Science & Engineering"
1260,"Technology, Computer Science & Engineering"
1613,"Technology, Computer Science & Engineering"
1614,"Technology, Computer Science & Engineering"
1615,"Technology, Computer Science & Engineering"
1616,"Technology, Computer Science & Engineering"
1089,"Technology, Computer Science & Engineering"
1091,"Technology, Computer Science & Engineering"
1626,"Technology, Computer Science & Engineering"
1627,"Technology, Computer Science & Engineering"
1095,"Technology, Computer Science & Engineering"
1272,"Technology, Computer Science & Engineering"
1274,"Technology, Computer Science & Engineering"
1427,"Technology, Computer Science & Engineering"
1548,"Technology, Computer Science & Engineering"
1709,"Technology, Computer Science & Engineering"
1434,"Technology, Computer Science & Engineering"
1437,"Technology, Computer Science & Engineering"
1438,"Technology, Computer Science & Engineering"
1549,"Technology, Computer Science & Engineering"
1108,"Technology, Computer Science & Engineering"
1643,"Technology, Computer Science & Engineering"
1452,"Technology, Computer Science & Engineering"
1113,"Technology, Computer Science & Engineering"
1295,"Technology, Computer Science & Engineering"
1116,"Technology, Computer Science & Engineering"
1118,"Technology, Computer Science & Engineering"
1297,"Technology, Computer Science & Engineering"
1300,"Technology, Computer Science & Engineering"
1667,"Technology, Computer Science & Engineering"
1141,"Technology, Computer Science & Engineering"
1311,"Technology, Computer Science & Engineering"
1671,"Technology, Computer Science & Engineering"
1312,"Technology, Computer Science & Engineering"
1323,"Technology, Computer Science & Engineering"
1557,"Technology, Computer Science & Engineering"
1329,"Technology, Computer Science & Engineering"
1167,"Technology, Computer Science & Engineering"
1182,"Technology, Computer Science & Engineering"
1517,"Technology, Computer Science & Engineering"
1196,"Technology, Computer Science & Engineering"
1522,"Technology, Computer Science & Engineering"
1340,"Technology, Computer Science & Engineering"
1343,"Technology, Computer Science & Engineering"
1695,"Technology, Computer Science & Engineering"
1346,"Technology, Computer Science & Engineering"
1534,"Technology, Computer Science & Engineering"
1349,"Technology, Computer Science & Engineering"
1367,Veterinary Science
1586,Veterinary Science
1594,Veterinary Science
1249,Veterinary Science
1076,Veterinary Science
1648,Veterinary Science
1466,Veterinary Science
1299,Veterinary Science
1722,Veterinary Science
1143,Veterinary Science
1674,Veterinary Science
1149,Veterinary Science
1738,Veterinary Science
1505,Veterinary Science
1171,Veterinary Science
1178,Veterinary Science
1339,Veterinary Science
1731,Veterinary Science
1698,Veterinary Science
1110,NA
1229,NA
1333,NA
